{
    "ZipCode": 90012,
    "BuildingTypology": "ApartmentMidRise",
    "Area": null,
    "Electricity_EUI": null,
    "FossilFuel_EUI": null,
    "Total_EUI": null,
    "Electricity_Consumption": null,
    "FossilFuel_Consumption": null,
    "WeatherFile": "LosAngeles",
    "RefElectricity_EUI": 36.1973087048886,
    "RefFossilFuel_EUI": 0.102182500686961,
    "Years": [2022,2024,2026,2028,2030,2032,2034,2036,2038,2040,2042,2044,2046,2048,2050],
    "FossilFuel_EmissionsIntensity": null,
    "Electricity_AverageEmissionsIntensity": [3.0622,2.9391,2.6670,2.3961,2.0180,1.8913,1.7646,1.6369,1.4746,1.3210,1.2074,1.0422,0.9264,0.8549,0.7862],
    "Electricity_MarginalEmissionsIntensity": [3.7066,2.9599,2.0341,1.3272,1.8462,1.8324,2.0680,1.5233,1.5915,1.2462,0.9336,0.6226,0.4574,0.4633,0.3787],
    "PV_AverageEmissionsIntensity": [5.7620,5.7620,5.0185,3.9033,2.7881,2.4163,2.0446,1.8587,1.6728,1.4869,1.3011,1.3011,1.1152,0.9293,0.9293],
    "PV_MarginalEmissionsIntensity": [9.6654,8.1784,4.4609,2.7881,3.5315,4.2750,5.3903,3.9033,4.4609,3.7174,2.6022,1.3011,0.7434,0.7434,0.5576],
    "FossilFuel_Emissions": null,
    "Electricity_AverageEmissions": null,
    "Electricity_MarginalEmissions": null,
    "PV_AverageEmissions": null,
    "PV_MarginalEmissions": null
  }